<?xml version="1.0" encoding="UTF-8"?>
<!DOCTYPE  mapper PUBLIC "-//mybatis.org//DTD Mapper 3.0//EN" "http://mybatis.org/dtd/mybatis-3-mapper.dtd">
<mapper namespace="user">

<insert id="user_insert" parameterType="com.project.sns.dto.UserDTO" useGeneratedKeys="true" keyProperty="user_num">
	<![CDATA[
		insert into user(user_id, user_pw, user_name, user_gender, user_birth, user_email, user_phone) 
		values 
		(#{user_id}, #{user_pw}, #{user_name}, #{user_gender}, #{user_birth}, #{user_email}, #{user_phone});
	]]>	
</insert>

<select id="login" parameterType="com.project.sns.dto.LoginDTO" resultType="string">
	<![CDATA[
		select user_pw from user where user_id = #{user_id}
	]]>
</select>

<select id="check_join" parameterType="string" resultType="int">
	<![CDATA[
		select count(*) from user where user_id = #{user_id}
	]]>
</select>

<select id="get_user" resultType="com.project.sns.dto.UserDTO">
	<![CDATA[
		select * from user where user_id = #{user_id}
	]]>
</select>

<select id="check_pw" parameterType="com.project.sns.dto.UserDTO" resultType="string">
	<![CDATA[
		select user_pw from user where user_id = #{user_id}
	]]>
</select>

<update id="modify_user" parameterType="com.project.sns.dto.UserDTO">
	<![CDATA[
		update user set user_name = #{user_name}, user_gender = #{user_gender}, user_email = #{user_email}, user_phone = #{user_phone} where user_id = #{user_id}
	]]>
</update>

<select id="get_profile_img" parameterType="com.project.sns.dto.UserDTO" resultType="string">
	<![CDATA[
		select profile_file_name from profile_table where profile_user_id = #{user_id}
	]]>
</select>

<update id="update_user_profile" parameterType="hashMap">
	update profile_table set profile_original_name = #{profile_original_name}, profile_file_name = #{profile_file_name} where profile_user_id = #{profile_user_id}
</update>

<insert id="init_profile" parameterType="com.project.sns.dto.UserDTO">
	<![CDATA[
		insert into profile_table(profile_user_id) values (#{user_id})
	]]>
</insert>

<delete id="delete_user" parameterType="string">
	<![CDATA[
		{ call delete_user(
		#{user_id}
		)
		}
	]]>
</delete>

</mapper>
  