<?xml version="1.0" encoding="UTF-8"?>
<!DOCTYPE  mapper PUBLIC "-//mybatis.org//DTD Mapper 3.0//EN" "http://mybatis.org/dtd/mybatis-3-mapper.dtd">
<mapper namespace="customer">

	<select id="countTotalCustomer" parameterType="hashMap"
		resultType="int">
		 <![CDATA[
			 select count(*) from customer 
			 where 1=1 
		 ]]>
		<if test="keyword!=null and keyword!=''">
			and (name like CONCAT('%',#{keyword},'%') )
		</if>
		order by insert_date desc

	</select>



	<select id="select_list" parameterType="hashMap"
		resultType="hashMap">
		<![CDATA[
			select custid,name,address,phone
			 from customer 
			 where 1 = 1 
		 ]]>
		<if test="keyword!=null and keyword!=''">
			and (name like CONCAT('%',#{keyword},'%') )
		</if>
		order by insert_date desc
		<choose>
			<when test="skipCount==null">
				limit 0,5
			</when>
			<when test="skipCount!=null">
				limit ${skipCount}, 5
			</when>
		</choose>
	</select>

	<select id="select_detail" parameterType="hashMap"
		resultType="hashMap">
<![CDATA[
	select custid,name,address,phone,insert_date 
	 from 
	customer where custid=#{custid}
]]>
	</select>
	<insert id="insert" parameterType="hashMap">  
    <![CDATA[
    insert into customer
    (custid, name, address, phone) 
    values
    (#{custid}, #{name}, #{address}, #{phone})
    ]]>
	</insert>
	
	<delete id="delete" parameterType="hashMap">
		<![CDATA[
			delete from customer where custid=#{custid}
		]]>
	</delete>
	<update id="update" parameterType="hashMap">
		<![CDATA[
			update customer set name=#{name}, address=#{address}, phone=#{phone} where custid=#{custid}
		]]>
	</update>
</mapper>











