<?xml version="1.0" encoding="UTF-8"?>
<!DOCTYPE  mapper PUBLIC "-//mybatis.org//DTD Mapper 3.0//EN" "http://mybatis.org/dtd/mybatis-3-mapper.dtd">
<mapper namespace="customer">
	<select id="detail" resultType="customer.CustomerVo">
		<![CDATA[
			select * from customer where id=#{id}
		]]>
	</select>
	
	<select id="list" resultType="member.MemberVo">
		<![CDATA[
			select * from customer
		]]>
	</select>
	
	<insert id="insert">
		<![CDATA[
			insert into customer 
			(name, gender, email, phone) 
			values 
			(#{name}, #{gender}, #{email}, #{phone})
		]]>
	</insert>
	
	<update id="update">
		<![CDATA[
			update customer set 
			gender=#{gender}, 
			email=#{email}, 
			phone=#{phone} 
			where id=#{id}
		]]>
	</update>
	
	<delete id="delete">
		delete from customer where id=#{id}
	</delete>
	
	<select id="join">
		<![CDATA[
			insert into member 
			(name, id, pw, gender, email, birth, post, addr, phone) 
			values 
			(#{name}, #{id}, #{pw}, #{gender}, #{email}, #{birth}, #{post}, #{addr}, #{phone})
		]]>
	</select>
</mapper>